epoch,train_loss,train_data_loss,train_biology_loss,train_mae,train_mape,mean_alpha,mean_K,mean_beta_start,mean_beta_end,mean_t_switch
1,0.523408,0.523408,0.000000,2.967730,79.4516,0.9848,2.1402,0.6882,0.6882,0.5000
2,0.518364,0.518364,0.000000,2.957780,78.1908,1.0232,2.1850,0.6742,0.6755,0.5009
3,0.513561,0.513561,0.000000,2.948252,77.1101,1.0726,2.2359,0.6682,0.6702,0.5236
4,0.508622,0.508622,0.000000,2.938368,76.0626,1.1331,2.2920,0.6715,0.6737,0.5772
5,0.503482,0.503482,0.000000,2.927979,75.0146,1.2042,2.3532,0.6857,0.6788,0.6310
6,0.498141,0.498141,0.000000,2.917065,73.9733,1.2850,2.4190,0.7101,0.6832,0.6805
7,0.492620,0.492546,0.007447,2.905506,72.9297,1.3742,2.4833,0.7429,0.6888,0.7310
8,0.486860,0.486698,0.016216,2.893305,71.8650,1.4707,2.5481,0.7827,0.6971,0.7821
9,0.480713,0.480476,0.023727,2.880214,70.7385,1.5745,2.6171,0.8286,0.7061,0.8265
10,0.474255,0.473935,0.032013,2.866297,69.5171,1.6852,2.6918,0.8798,0.7088,0.8549
11,0.467952,0.467192,0.075950,2.851732,68.3384,1.8021,2.7722,0.9065,0.7071,0.8726
12,0.461907,0.460692,0.121544,2.837317,67.4824,1.9236,2.8565,0.9206,0.7039,0.8862
13,0.455821,0.454185,0.163602,2.822494,66.6991,2.0461,2.9408,0.9492,0.7009,0.8974
14,0.449575,0.447469,0.210573,2.806853,65.7691,2.1682,3.0239,0.9681,0.6987,0.9050
15,0.443220,0.440696,0.252405,2.790756,64.9061,2.2911,3.1060,1.0005,0.6974,0.9111
16,0.436769,0.433710,0.305956,2.773803,63.8861,2.4167,3.1881,1.0216,0.6968,0.9144
17,0.430134,0.426660,0.347386,2.756344,62.9162,2.5470,3.2709,1.0383,0.6970,0.9209
18,0.423369,0.419463,0.390613,2.738903,61.9108,2.6845,3.3545,1.0699,0.6977,0.9234
19,0.416341,0.411966,0.437511,2.720999,60.7073,2.8309,3.4389,1.0894,0.6988,0.9233
20,0.409160,0.404348,0.481173,2.702299,59.4219,2.9874,3.5219,1.1197,0.7003,0.9280
21,0.401758,0.396528,0.522942,2.682487,57.7479,3.1538,3.6026,1.1352,0.7023,0.9257
22,0.394059,0.388507,0.555186,2.662334,55.9729,3.3306,3.6751,1.1593,0.7046,0.9258
23,0.385912,0.380073,0.583858,2.641453,53.7572,3.5155,3.7166,1.1832,0.6867,0.9231
24,0.377311,0.371218,0.609330,2.619675,51.3017,3.7091,3.7849,1.1848,0.6433,0.9187
25,0.368262,0.362136,0.612629,2.598212,48.9365,3.9032,3.8614,1.1912,0.6273,0.9150
26,0.359282,0.353112,0.617047,2.576432,46.5014,4.0873,3.9396,1.1930,0.6195,0.9122
27,0.350905,0.344798,0.610684,2.554875,44.2212,4.2535,4.0178,1.1844,0.6137,0.9095
28,0.343572,0.337624,0.594774,2.534294,42.4014,4.4014,4.0957,1.1481,0.6080,0.9099
29,0.336860,0.331274,0.558590,2.515625,41.3597,4.5366,4.1732,1.1143,0.6022,0.9151
30,0.330526,0.325346,0.518028,2.497798,40.6036,4.6615,4.2510,1.0795,0.5963,0.9154
31,0.324384,0.319657,0.472714,2.480617,40.2774,4.7798,4.3289,1.0430,0.5905,0.9148
32,0.318458,0.314212,0.424661,2.463203,39.9597,4.8927,4.4065,1.0055,0.5849,0.9145
33,0.312755,0.309004,0.375167,2.445759,39.6404,5.0012,4.4836,0.9677,0.5795,0.9143
34,0.307227,0.303940,0.328729,2.428105,39.3289,5.1063,4.5601,0.9126,0.5743,0.9139
35,0.301815,0.299055,0.275992,2.411633,39.1690,5.2113,4.6353,0.8698,0.5692,0.9168
36,0.296628,0.294352,0.227648,2.395161,38.8404,5.3128,4.7095,0.8326,0.5640,0.9140
37,0.291725,0.289847,0.187704,2.378806,38.6008,5.4119,4.7822,0.8084,0.5589,0.9126
38,0.287096,0.285533,0.156327,2.362484,38.3452,5.5076,4.8537,0.7890,0.5535,0.9115
39,0.282754,0.281397,0.135744,2.346168,38.1038,5.6001,4.9205,0.7812,0.5476,0.9097
40,0.278973,0.277527,0.144631,2.330300,37.8641,5.6899,4.9829,0.7677,0.5413,0.9082
41,0.275329,0.273862,0.146667,2.314929,37.7289,5.7795,5.0428,0.7700,0.5346,0.9071
42,0.271811,0.270300,0.151115,2.301129,37.5161,5.8660,5.1019,0.7782,0.5273,0.8982
43,0.268422,0.266869,0.155243,2.287620,37.3412,5.9477,5.1589,0.7901,0.5196,0.8994
44,0.265180,0.263589,0.159070,2.274121,37.1863,6.0305,5.2167,0.7985,0.5111,0.8918
45,0.262100,0.260482,0.161722,2.260925,37.0514,6.1100,5.2726,0.8053,0.5022,0.8890
46,0.259152,0.257491,0.166055,2.248182,36.9393,6.1902,5.3280,0.7968,0.4930,0.8838
47,0.256343,0.254684,0.165955,2.235924,36.9371,6.2704,5.3801,0.8032,0.4838,0.8839
48,0.253734,0.252061,0.167281,2.223641,36.7481,6.3465,5.4304,0.8153,0.4748,0.8765
49,0.251308,0.249554,0.175397,2.211844,36.7904,6.4253,5.4755,0.8264,0.4662,0.8713
50,0.249124,0.247326,0.179761,2.200547,36.5352,6.4945,5.5141,0.8386,0.4582,0.8698
51,0.247072,0.245233,0.183882,2.190794,36.4370,6.5595,5.5503,0.8557,0.4509,0.8655
52,0.245136,0.243254,0.188214,2.181499,36.4259,6.6235,5.5842,0.8524,0.4444,0.8703
53,0.243348,0.241417,0.193131,2.172349,36.4946,6.6919,5.6103,0.8520,0.4384,0.8645
54,0.241537,0.239641,0.189647,2.163201,36.2444,6.7514,5.5994,0.8667,0.4333,0.8667
55,0.239732,0.237831,0.190114,2.153934,36.2444,6.8243,5.6226,0.8607,0.4290,0.8541
56,0.238026,0.236114,0.191203,2.144944,36.2508,6.8858,5.6477,0.8711,0.4259,0.8446
57,0.236342,0.234449,0.189217,2.136050,36.1860,6.9386,5.6710,0.8872,0.4244,0.8353
58,0.234738,0.232798,0.194021,2.127125,36.1212,6.9939,5.6955,0.8969,0.4253,0.8247
59,0.233153,0.231247,0.190608,2.118497,36.1158,7.0476,5.7192,0.8383,0.4291,0.8227
60,0.231544,0.229685,0.185880,2.110340,36.1707,7.0895,5.7337,0.8288,0.4363,0.8354
61,0.229971,0.228163,0.180859,2.101680,36.0171,7.1353,5.7525,0.8270,0.4476,0.8349
62,0.228402,0.226626,0.177555,2.093131,36.0092,7.1879,5.7733,0.8338,0.4635,0.8361
63,0.226833,0.225095,0.173822,2.084284,35.9180,7.2406,5.7947,0.8436,0.4844,0.8348
64,0.225303,0.223577,0.172615,2.075555,35.8501,7.2907,5.8146,0.8525,0.5097,0.8361
65,0.223786,0.222098,0.168846,2.066726,35.8129,7.3392,5.8330,0.8369,0.5385,0.8366
66,0.222405,0.220653,0.175264,2.058294,35.8462,7.3899,5.8487,0.8400,0.5364,0.8394
67,0.220951,0.219413,0.153714,2.049993,35.6757,7.4379,5.8664,0.8466,0.5221,0.8381
68,0.219522,0.218052,0.147041,2.041751,35.7276,7.4868,5.8822,0.8503,0.5343,0.8333
69,0.218227,0.216671,0.155643,2.033068,35.5887,7.5347,5.8989,0.8604,0.5298,0.8311
70,0.216792,0.215459,0.133300,2.025443,35.6072,7.5834,5.9137,0.8729,0.5191,0.8345
71,0.215452,0.214144,0.130816,2.016927,35.4600,7.6298,5.9302,0.8627,0.5306,0.8315
72,0.214245,0.212867,0.137814,2.008842,35.6417,7.6798,5.9410,0.8607,0.5273,0.8373
73,0.212821,0.211713,0.110774,2.001404,35.3675,7.7250,5.9578,0.8687,0.5190,0.8320
74,0.211552,0.210442,0.110946,1.993249,35.5231,7.7736,5.9693,0.8812,0.5108,0.8325
75,0.210273,0.209307,0.096586,1.985527,35.3248,7.8196,5.9845,0.8915,0.5023,0.8283
76,0.208976,0.208085,0.089097,1.977336,35.3907,7.8677,5.9964,0.8899,0.5125,0.8323
77,0.207829,0.206875,0.095433,1.968405,35.2545,7.9112,6.0098,0.8382,0.5108,0.8326
78,0.206505,0.205788,0.071655,1.961318,35.4472,7.9444,6.0127,0.8339,0.5052,0.8393
79,0.205333,0.204552,0.078131,1.952397,35.1063,7.9808,6.0300,0.8376,0.4993,0.8338
80,0.204100,0.203489,0.061118,1.944853,35.3874,8.0292,6.0415,0.8394,0.4931,0.8341
81,0.202863,0.202272,0.059163,1.935766,35.0382,8.0729,6.0616,0.8479,0.5034,0.8291
82,0.201746,0.201059,0.068674,1.927063,35.2207,8.1187,6.0692,0.8604,0.5028,0.8344
83,0.200558,0.199997,0.056106,1.918926,34.9214,8.1612,6.0866,0.8488,0.4835,0.8301
84,0.199424,0.199022,0.040253,1.911336,35.3123,8.2102,6.0943,0.8456,0.4742,0.8327
85,0.198260,0.197913,0.034755,1.902471,34.8064,8.2516,6.1142,0.8524,0.4828,0.8298
86,0.197082,0.196723,0.035846,1.893394,35.1382,8.2988,6.1235,0.8613,0.4825,0.8334
87,0.195956,0.195713,0.024339,1.884977,34.7712,8.3414,6.1406,0.8642,0.4795,0.8298
88,0.194810,0.194577,0.023343,1.875881,34.9472,8.3878,6.1577,0.8750,0.4759,0.8308
89,0.193756,0.193490,0.026633,1.866935,34.6937,8.4318,6.1780,0.8668,0.4722,0.8287
90,0.192632,0.192395,0.023690,1.857901,34.8678,8.4785,6.1909,0.8698,0.4687,0.8308
91,0.191619,0.191417,0.020167,1.849310,34.5935,8.5208,6.2093,0.8709,0.4652,0.8282
92,0.190503,0.190349,0.015378,1.840310,34.7833,8.5671,6.2194,0.8814,0.4755,0.8304
93,0.189517,0.189196,0.032115,1.830572,34.4261,8.6097,6.2398,0.8871,0.4765,0.8282
94,0.188424,0.188220,0.020397,1.821731,34.7091,8.6534,6.2566,0.8598,0.4613,0.8302
95,0.187427,0.187220,0.020746,1.812806,34.3727,8.6789,6.2743,0.8332,0.4546,0.8305
96,0.186371,0.186217,0.015459,1.803870,34.7478,8.7215,6.2750,0.8338,0.4635,0.8343
97,0.185365,0.185150,0.021484,1.794209,34.1373,8.7618,6.2986,0.8406,0.4645,0.8276
98,0.184353,0.184173,0.017948,1.785284,34.6210,8.8070,6.3100,0.8498,0.4502,0.8296
99,0.183325,0.183228,0.009651,1.776116,34.1409,8.8477,6.3298,0.8520,0.4441,0.8273
100,0.182260,0.182181,0.007926,1.766410,34.3320,8.8936,6.3393,0.8624,0.4530,0.8284
101,0.181318,0.181147,0.017059,1.756734,34.0508,8.9374,6.3574,0.8504,0.4543,0.8266
102,0.180301,0.180213,0.008823,1.747459,34.2544,8.9834,6.3728,0.8463,0.4408,0.8270
103,0.179379,0.179313,0.006639,1.738325,33.9446,9.0268,6.3893,0.8536,0.4351,0.8253
104,0.178364,0.178334,0.003021,1.728905,34.0992,9.0723,6.4020,0.8657,0.4439,0.8253
105,0.177395,0.177229,0.016602,1.718479,33.8127,9.1160,6.4245,0.8752,0.4453,0.8232
106,0.176405,0.176328,0.007767,1.709123,33.9586,9.1619,6.4344,0.8791,0.4322,0.8242
107,0.175501,0.175482,0.001853,1.700264,33.7147,9.2057,6.4451,0.8690,0.4268,0.8213
108,0.174606,0.174562,0.004491,1.690471,33.8970,9.2567,6.4271,0.8742,0.4355,0.8219
109,0.173946,0.173527,0.041903,1.683662,33.6530,9.3205,6.4152,0.8747,0.4373,0.8099
110,0.172899,0.172869,0.003091,1.672199,33.9612,9.3762,6.4397,0.8761,0.4246,0.8095
111,0.171916,0.171704,0.021162,1.663292,33.4503,9.4120,6.4559,0.8866,0.4195,0.8064
112,0.170847,0.170804,0.004375,1.651626,33.7816,9.4565,6.4630,0.8914,0.4281,0.8079
113,0.170057,0.169840,0.021655,1.642702,33.3219,9.4972,6.4810,0.8577,0.4294,0.8018
114,0.169146,0.168975,0.017146,1.631329,33.6364,9.5317,6.4954,0.8386,0.4165,0.8069
115,0.168250,0.168102,0.014827,1.623642,33.2707,9.5727,6.5003,0.8401,0.4108,0.8021
116,0.167276,0.167257,0.001937,1.611932,33.3462,9.6205,6.5182,0.8466,0.4183,0.7938
117,0.166539,0.166297,0.024260,1.603313,33.1630,9.6632,6.5298,0.8493,0.4182,0.7840
118,0.165613,0.165514,0.009881,1.592140,33.1436,9.7062,6.5478,0.8617,0.4036,0.7712
119,0.164771,0.164694,0.007673,1.584438,33.0232,9.7489,6.5556,0.8768,0.3958,0.7565
120,0.164027,0.163912,0.011472,1.573243,33.0047,9.7941,6.5765,0.8527,0.3896,0.7446
121,0.163248,0.163152,0.009556,1.565445,32.9517,9.8386,6.5832,0.8391,0.3841,0.7313
122,0.162463,0.162411,0.005280,1.554208,32.8039,9.8846,6.6013,0.8474,0.3782,0.7186
123,0.161737,0.161656,0.008141,1.546764,32.8046,9.9290,6.6124,0.8628,0.3725,0.7010
124,0.161043,0.160904,0.013917,1.536249,32.6320,9.9746,6.6303,0.8775,0.3662,0.6892
125,0.160330,0.160216,0.011400,1.531453,32.7157,10.0184,6.6347,0.8616,0.3612,0.6718
126,0.159720,0.159650,0.006946,1.523114,32.5152,10.0647,6.6445,0.8492,0.3556,0.6726
127,0.159122,0.159051,0.007113,1.518941,32.6705,10.1079,6.6573,0.8534,0.3529,0.6654
128,0.158520,0.158428,0.009219,1.509928,32.4592,10.1532,6.6754,0.8583,0.3491,0.6732
129,0.157933,0.157858,0.007567,1.505878,32.5653,10.1955,6.6780,0.8730,0.3485,0.6672
130,0.157392,0.157321,0.007076,1.497543,32.3916,10.2414,6.6972,0.8859,0.3462,0.6729
131,0.156854,0.156714,0.014026,1.492994,32.4027,10.2800,6.7113,0.8658,0.3478,0.6659
132,0.156381,0.156268,0.011290,1.485462,32.5998,10.3099,6.7043,0.8670,0.3469,0.6797
133,0.155979,0.155852,0.012732,1.482226,32.0187,10.3421,6.7305,0.8566,0.3509,0.6694
134,0.155641,0.155451,0.018981,1.474910,33.1063,10.3889,6.7316,0.8516,0.3512,0.6791
135,0.155133,0.154953,0.017995,1.473040,31.9273,10.4229,6.7400,0.8249,0.3469,0.6723
136,0.154634,0.154615,0.001915,1.467451,32.3742,10.4668,6.7517,0.8203,0.3448,0.6790
137,0.154236,0.154122,0.011397,1.465166,32.3633,10.5106,6.7565,0.8320,0.3627,0.6725
138,0.153801,0.153680,0.012077,1.459634,31.9871,10.5544,6.7738,0.8487,0.3673,0.6760
139,0.153455,0.153251,0.020322,1.457672,32.3038,10.5965,6.7766,0.8420,0.3683,0.6713
140,0.153115,0.153082,0.003344,1.453186,32.0465,10.6420,6.7934,0.8418,0.3672,0.6766
141,0.152778,0.152588,0.018923,1.451123,32.2036,10.6838,6.7984,0.8547,0.3887,0.6708
142,0.152376,0.152232,0.014402,1.445520,31.9210,10.7293,6.8120,0.8727,0.3935,0.6766
143,0.152110,0.151857,0.025368,1.444180,32.1707,10.7712,6.8121,0.8878,0.3972,0.6712
144,0.151752,0.151737,0.001532,1.440060,31.8365,10.8169,6.8169,0.8960,0.3956,0.6784
145,0.151352,0.151262,0.008987,1.436334,32.0589,10.8613,6.8312,0.8875,0.4043,0.6794
146,0.151144,0.150904,0.023932,1.432558,31.7459,10.9077,6.8313,0.8733,0.4103,0.6833
147,0.150800,0.150777,0.002304,1.431783,32.0787,10.9527,6.8471,0.8707,0.4024,0.6848
148,0.150664,0.150457,0.020788,1.431166,31.8058,10.9964,6.8484,0.8778,0.4137,0.6787
149,0.150408,0.150282,0.012621,1.428188,32.0538,11.0385,6.8592,0.8433,0.3789,0.6813
150,0.150234,0.149978,0.025683,1.429138,31.8855,11.0631,6.8463,0.8366,0.3633,0.6800
151,0.149796,0.149761,0.003479,1.424555,31.9529,11.1054,6.8565,0.8366,0.3498,0.6754
152,0.149541,0.149459,0.008107,1.423598,31.7586,11.1515,6.8608,0.8281,0.3480,0.6735
153,0.149257,0.149230,0.002680,1.420946,31.9440,11.1917,6.8682,0.8384,0.3587,0.6768
154,0.149161,0.148950,0.021103,1.421046,31.6878,11.2317,6.8749,0.8504,0.3673,0.6744
155,0.148990,0.148840,0.015005,1.418228,31.9566,11.2733,6.8816,0.8319,0.3607,0.6763
156,0.148852,0.148708,0.014417,1.419068,31.6150,11.3124,6.8850,0.8393,0.3635,0.6747
157,0.148735,0.148567,0.016801,1.416685,31.9951,11.3534,6.8941,0.8559,0.3754,0.6769
158,0.148590,0.148260,0.032922,1.416422,31.5100,11.3918,6.8992,0.8483,0.3845,0.6738
159,0.148484,0.148268,0.021594,1.414731,32.1557,11.4332,6.9084,0.8483,0.3780,0.6771
160,0.148425,0.148091,0.033407,1.414719,31.3786,11.4705,6.9183,0.8607,0.3817,0.6737
161,0.148224,0.147978,0.024662,1.412900,32.1832,11.5109,6.9216,0.8796,0.3932,0.6782
162,0.148139,0.147655,0.048379,1.412066,31.3285,11.5486,6.9307,0.8943,0.4028,0.6742
163,0.147949,0.147598,0.035087,1.410204,32.0141,11.5887,6.9396,0.8844,0.3963,0.6768
164,0.147876,0.147462,0.041375,1.410502,31.4017,11.6281,6.9384,0.8870,0.4004,0.6750
165,0.147791,0.147328,0.046255,1.408423,31.8317,11.6685,6.9440,0.8749,0.3754,0.6763
166,0.147835,0.147197,0.063856,1.409107,31.5165,11.7107,6.8838,0.8206,0.3643,0.6738
167,0.147623,0.147230,0.039288,1.407033,31.7261,11.7722,6.8812,0.8028,0.3523,0.6702
168,0.147484,0.147064,0.041940,1.406454,31.5406,11.8237,6.8898,0.8097,0.3514,0.6702
169,0.147366,0.146887,0.047905,1.406564,31.7447,11.8560,6.8864,0.8258,0.3672,0.6726
170,0.147296,0.146740,0.055541,1.403557,31.4431,11.8968,6.8991,0.8400,0.3718,0.6771
171,0.147094,0.146550,0.054306,1.403670,31.6760,11.9378,6.9088,0.8460,0.3773,0.6753
172,0.147023,0.146420,0.060307,1.403085,31.4835,11.9751,6.9004,0.8400,0.3859,0.6734
173,0.146935,0.146398,0.053668,1.401152,31.5903,12.0146,6.9115,0.8508,0.3875,0.6763
174,0.146816,0.146162,0.065419,1.401501,31.4115,12.0546,6.9140,0.8634,0.3925,0.6759
175,0.146686,0.146141,0.054463,1.399824,31.5911,12.0949,6.9259,0.8698,0.3952,0.6766
176,0.146594,0.145904,0.069029,1.399111,31.3318,12.1344,6.9378,0.8594,0.4007,0.6760
177,0.146498,0.145838,0.066020,1.398665,31.6111,12.1729,6.9339,0.8706,0.3748,0.6737
178,0.146454,0.145752,0.070207,1.397175,31.2089,12.2121,6.9360,0.8426,0.3591,0.6741
179,0.146402,0.145791,0.061048,1.398073,31.7798,12.2522,6.9400,0.8268,0.3582,0.6758
180,0.146328,0.145632,0.069558,1.397069,31.0963,12.2906,6.9586,0.8347,0.3633,0.6741
181,0.146223,0.145559,0.066374,1.395974,31.9636,12.3292,6.9515,0.8520,0.3696,0.6759
182,0.146167,0.145424,0.074291,1.395600,30.8951,12.3667,6.9698,0.8656,0.3762,0.6734
183,0.146047,0.145338,0.070954,1.394700,32.0344,12.4052,6.9741,0.8734,0.3834,0.6755
184,0.145894,0.145159,0.073491,1.393396,30.8855,12.4429,6.9806,0.8890,0.3908,0.6740
185,0.145796,0.145038,0.075776,1.392864,31.7239,12.4815,6.9862,0.8767,0.3671,0.6752
186,0.145755,0.144986,0.076992,1.392774,31.2080,12.5165,6.9920,0.8153,0.3574,0.6747
187,0.145677,0.144920,0.075699,1.391087,31.4667,12.5360,6.9840,0.8120,0.3586,0.6786
188,0.145522,0.144778,0.074425,1.390669,31.2140,12.5757,6.9920,0.8237,0.3722,0.6771
189,0.145470,0.144559,0.091063,1.389560,31.3827,12.6161,7.0050,0.8408,0.3812,0.6756
190,0.145340,0.144454,0.088618,1.388516,31.1690,12.6532,7.0031,0.8559,0.3790,0.6781
191,0.145224,0.144439,0.078503,1.388807,31.3531,12.6942,7.0082,0.8622,0.3827,0.6769
192,0.145129,0.144306,0.082316,1.387712,31.1111,12.7357,7.0156,0.8561,0.3692,0.6774
193,0.145087,0.144192,0.089473,1.387515,31.4076,12.7742,7.0178,0.8626,0.3627,0.6751
194,0.145003,0.144145,0.085784,1.386115,31.0439,12.8151,7.0215,0.8470,0.3548,0.6759
195,0.144955,0.144119,0.083602,1.386197,31.3736,12.8561,7.0304,0.8474,0.3558,0.6771
196,0.144788,0.143940,0.084824,1.384862,31.0280,12.8974,7.0464,0.8617,0.3700,0.6775
197,0.144739,0.143725,0.101414,1.383113,31.3247,12.9370,7.0486,0.8534,0.3786,0.6758
198,0.144643,0.143709,0.093362,1.383671,30.9172,12.9778,7.0490,0.8603,0.3852,0.6759
199,0.144543,0.143581,0.096180,1.383301,31.3576,13.0180,7.0618,0.8417,0.3917,0.6747
200,0.144490,0.143504,0.098599,1.382395,30.8796,13.0592,7.0636,0.8488,0.3701,0.6756
201,0.144396,0.143459,0.093701,1.384061,31.3477,13.0977,7.0576,0.8602,0.3610,0.6734
202,0.144317,0.143389,0.092838,1.382476,30.8617,13.1394,7.0715,0.8602,0.3616,0.6744
203,0.144219,0.143239,0.097968,1.381590,31.3305,13.1763,7.0810,0.8429,0.3652,0.6759
204,0.144145,0.143167,0.097775,1.381897,30.7958,13.1958,7.0744,0.8535,0.3705,0.6792
205,0.143975,0.143026,0.094820,1.381282,31.3285,13.2384,7.0760,0.8705,0.3855,0.6764
206,0.144057,0.142844,0.121275,1.380870,30.5983,13.2796,7.0924,0.8619,0.3942,0.6751
207,0.143927,0.142878,0.104983,1.380803,31.6075,13.3162,7.0896,0.8338,0.3649,0.6763
208,0.143958,0.142935,0.102278,1.381575,30.4382,13.3575,7.0975,0.8373,0.3533,0.6752
209,0.143823,0.142788,0.103466,1.380446,31.6669,13.3954,7.0920,0.8532,0.3621,0.6745
210,0.143755,0.142615,0.114038,1.380072,30.3896,13.4374,7.1014,0.8464,0.3681,0.6788
211,0.143540,0.142531,0.100856,1.379549,31.4022,13.4764,7.1143,0.8368,0.3643,0.6742
212,0.143546,0.142436,0.110975,1.378369,30.5352,13.5201,7.1134,0.8480,0.3667,0.6793
213,0.143389,0.142331,0.105853,1.379711,31.2053,13.5578,7.1139,0.8422,0.3804,0.6717
214,0.143283,0.142169,0.111312,1.377881,30.6188,13.6030,7.1172,0.8491,0.3885,0.6778
215,0.143256,0.142154,0.110247,1.378843,31.0851,13.6421,7.1285,0.8517,0.3688,0.6716
216,0.143151,0.142036,0.111470,1.377692,30.6688,13.6858,7.1238,0.8673,0.3602,0.6751
