epoch,train_loss,train_data_loss,train_biology_loss,train_mae,train_mape,mean_alpha,mean_K,mean_beta
1,0.521148,0.521107,0.000820,1.942361,104.1536,0.7779,2.0703,0.2212
2,0.504815,0.503740,0.021503,1.934494,108.8186,0.7387,3.7267,0.1164
3,0.492435,0.488649,0.075732,1.924997,110.5844,0.7727,4.8716,0.0967
4,0.478685,0.468720,0.199287,1.908642,110.2012,0.9921,5.8152,0.1105
5,0.459023,0.439315,0.394151,1.882311,109.1034,1.2914,6.7117,0.1572
6,0.436968,0.411595,0.507471,1.853808,105.7520,1.4390,7.3680,0.2719
7,0.415868,0.380558,0.706209,1.820246,104.5541,1.7245,7.8657,0.2161
8,0.402278,0.359931,0.846949,1.795689,103.6150,1.8849,7.7648,0.3576
9,0.392840,0.340929,1.038218,1.771544,103.6159,2.0084,7.8742,0.2427
10,0.385254,0.327132,1.162426,1.752289,102.9698,2.0530,7.9500,0.3945
11,0.379177,0.312665,1.330255,1.731772,102.8731,2.1750,8.3056,0.2654
12,0.374660,0.304869,1.395818,1.720775,102.7694,2.1483,8.4121,0.3320
13,0.369058,0.292229,1.536584,1.702711,102.5408,2.0197,7.7671,0.3914
14,0.366476,0.288950,1.550525,1.697160,101.8660,2.2782,8.2314,0.3065
15,0.364386,0.282682,1.634084,1.688545,102.1280,2.2172,8.1923,0.3884
16,0.361745,0.276646,1.701978,1.679527,102.1329,2.2654,8.2726,0.3601
17,0.360017,0.273945,1.721450,1.676202,102.1560,2.1716,8.0003,0.3732
18,0.358293,0.272773,1.710405,1.674857,101.9872,2.2803,8.0952,0.3263
19,0.356978,0.269318,1.753194,1.669060,102.0468,2.2817,8.0723,0.4034
20,0.355942,0.264354,1.831773,1.660927,102.5617,2.3786,8.3004,0.2668
21,0.355141,0.264882,1.805186,1.661993,102.6288,2.3391,8.2117,0.3427
22,0.353828,0.261013,1.856303,1.655195,102.5559,2.3948,8.2800,0.3158
23,0.353073,0.259387,1.873730,1.652380,102.8514,2.4184,8.3056,0.3016
24,0.352317,0.257761,1.891127,1.649417,103.0394,2.4424,8.3181,0.2920
25,0.351651,0.256281,1.907400,1.646553,103.1708,2.4643,8.3198,0.2856
26,0.351053,0.254929,1.922474,1.643810,103.2631,2.4845,8.3140,0.2813
27,0.350514,0.253698,1.936337,1.641204,103.3287,2.5033,8.3029,0.2784
28,0.350027,0.252577,1.949016,1.638739,103.3751,2.5210,8.2880,0.2766
29,0.349585,0.251554,1.960605,1.636413,103.4074,2.5375,8.2703,0.2757
30,0.349180,0.250621,1.971183,1.634222,103.4288,2.5530,8.2508,0.2754
31,0.348915,0.248626,2.005790,1.629995,103.6266,2.6381,8.5201,0.2572
32,0.348680,0.247342,2.026770,1.626455,103.7237,2.5877,8.4250,0.2751
33,0.348166,0.247094,2.021452,1.625790,103.4977,2.5968,8.3650,0.2804
34,0.347870,0.246665,2.024103,1.624593,103.4244,2.6042,8.3139,0.2855
35,0.347682,0.245248,2.048674,1.621590,103.5314,2.6748,8.5543,0.2734
36,0.347588,0.244242,2.066922,1.618429,103.6070,2.7427,8.5513,0.2643
37,0.348195,0.245540,2.053117,1.620124,103.8115,2.7633,8.6309,0.2687
38,0.347982,0.242953,2.100590,1.614044,103.8476,2.6964,8.5467,0.2932
39,0.347496,0.243783,2.074271,1.615822,103.5438,2.6400,8.4502,0.2613
40,0.346458,0.243300,2.063156,1.616265,104.0132,2.6970,8.5708,0.2527
41,0.346379,0.241005,2.107485,1.610075,103.8062,2.6387,8.4892,0.2834
42,0.346085,0.241891,2.083872,1.611997,103.3841,2.6992,8.6044,0.2853
43,0.346056,0.239369,2.133740,1.605767,103.4548,2.6684,8.5604,0.2922
44,0.345581,0.241063,2.090359,1.610183,103.8771,2.6290,8.5885,0.2745
45,0.345536,0.239713,2.116476,1.606249,103.4283,2.7120,8.4131,0.2718
46,0.346551,0.242046,2.090094,1.610879,103.5425,2.7091,8.6945,0.2725
47,0.345593,0.238418,2.143501,1.602546,103.7409,2.6374,8.4176,0.2739
48,0.345302,0.240533,2.095389,1.608650,103.7716,2.7431,8.7707,0.2534
49,0.345416,0.238233,2.143679,1.601542,103.6894,2.6920,8.4962,0.2376
50,0.346385,0.242183,2.084038,1.609734,103.5325,2.7013,8.7532,0.2479
51,0.345226,0.237741,2.149708,1.599798,103.4692,2.6461,8.4693,0.2652
52,0.344959,0.239929,2.100599,1.606408,103.9051,2.7140,8.7745,0.2692
53,0.344883,0.237557,2.146521,1.599395,103.5065,2.7466,8.7010,0.2363
54,0.345947,0.239593,2.127091,1.602503,103.5602,2.6665,8.7042,0.2550
55,0.345553,0.240420,2.102650,1.604128,103.7102,2.6973,8.6880,0.2175
56,0.345461,0.239792,2.113380,1.603725,103.9591,2.6365,8.7539,0.2447
57,0.344448,0.238584,2.117276,1.601684,103.5013,2.7061,8.8569,0.2513
58,0.344216,0.237105,2.142230,1.598269,103.8304,2.6977,8.6974,0.2548
59,0.345209,0.238903,2.126128,1.601057,103.8237,2.6398,8.7310,0.2535
60,0.344188,0.237080,2.142159,1.597391,103.3571,2.6730,8.7165,0.2510
61,0.344924,0.240763,2.083218,1.605059,103.6640,2.6083,8.7888,0.2379
62,0.343916,0.238106,2.116199,1.600252,103.5941,2.6972,8.8999,0.2426
63,0.344141,0.236671,2.149407,1.596004,103.4341,2.6720,8.7236,0.2604
64,0.344798,0.239975,2.096469,1.602262,103.5555,2.7219,8.8404,0.2210
65,0.344671,0.237489,2.143630,1.596678,103.8696,2.5950,8.6661,0.2522
66,0.343466,0.238671,2.095904,1.601490,103.8036,2.6948,8.7793,0.2431
67,0.344436,0.237711,2.134491,1.597496,104.0193,2.6240,8.8242,0.2478
68,0.343456,0.236385,2.141417,1.594763,103.3776,2.6630,8.7255,0.2511
69,0.344180,0.239065,2.102301,1.599614,103.6067,2.5876,8.8046,0.2392
70,0.343152,0.237140,2.120241,1.596738,103.5265,2.6780,8.9157,0.2434
71,0.343401,0.236163,2.144758,1.593478,103.3071,2.7040,8.7894,0.2491
72,0.344708,0.239434,2.105475,1.598486,103.4377,2.6395,8.8573,0.2325
73,0.343765,0.237493,2.125427,1.595999,103.6383,2.6121,8.8787,0.2458
74,0.343637,0.238549,2.101760,1.597753,103.5622,2.6138,8.7938,0.2536
75,0.343534,0.238040,2.109889,1.597794,103.8288,2.5986,8.8123,0.2494
76,0.342736,0.236111,2.132492,1.593447,103.4053,2.6788,8.9712,0.2435
77,0.343619,0.237951,2.113363,1.595635,103.7329,2.6512,8.7958,0.2273
78,0.343363,0.236647,2.134326,1.593275,103.7372,2.5943,8.8829,0.2446
79,0.343197,0.239209,2.079750,1.599025,103.5635,2.6457,8.9409,0.2466
80,0.343106,0.235999,2.142142,1.591618,103.9809,2.5775,8.7352,0.2437
81,0.342974,0.238671,2.086066,1.597187,103.5384,2.6290,8.9065,0.2395
82,0.342884,0.236856,2.120555,1.593669,104.0596,2.5884,8.9046,0.2420
83,0.342104,0.235870,2.124696,1.591272,103.2552,2.5382,8.7697,0.2668
84,0.341759,0.237022,2.094753,1.594962,103.4592,2.5800,9.0125,0.2784
85,0.341737,0.234163,2.151474,1.585898,103.3081,2.6772,8.9817,0.2365
86,0.342873,0.236567,2.126133,1.590647,103.6425,2.6098,8.7771,0.2611
87,0.342459,0.235418,2.140818,1.589016,103.7225,2.5841,8.9017,0.2402
88,0.342494,0.238415,2.081575,1.595919,103.5906,2.6375,8.9561,0.2430
89,0.342311,0.235048,2.145279,1.587861,104.0161,2.5430,8.7929,0.2537
90,0.341576,0.236564,2.100234,1.592597,103.0796,2.5565,8.9112,0.2650
91,0.341378,0.235941,2.108743,1.591214,103.5074,2.5484,8.9196,0.2876
92,0.341388,0.234811,2.131541,1.587300,103.0129,2.5556,8.7501,0.2703
93,0.341121,0.234674,2.128943,1.587057,103.3287,2.5490,8.8269,0.2866
94,0.341058,0.233758,2.145984,1.584140,103.1684,2.6188,8.8090,0.2428
95,0.342079,0.237456,2.092465,1.592632,103.5195,2.6366,8.9247,0.2502
96,0.341489,0.234367,2.142448,1.584576,103.5597,2.6096,8.9544,0.2512
97,0.341056,0.233965,2.141808,1.583934,103.1046,2.5917,8.9720,0.2696
98,0.340856,0.233277,2.151598,1.582192,103.5113,2.5581,8.7584,0.2591
99,0.340899,0.233437,2.149235,1.582294,103.0295,2.6150,8.7522,0.2539
100,0.341815,0.236738,2.101551,1.589772,103.3863,2.6711,9.1117,0.2519
101,0.342279,0.236105,2.123483,1.584852,103.1042,2.6249,9.1403,0.2407
102,0.341957,0.235956,2.120019,1.584357,103.2778,2.5873,8.9303,0.2639
103,0.341002,0.233309,2.153861,1.580405,103.6141,2.5848,8.9954,0.2550
104,0.340556,0.232645,2.158238,1.578723,102.9931,2.5523,8.7715,0.2820
105,0.340281,0.232655,2.152534,1.578999,103.1654,2.5221,8.9030,0.3001
106,0.340179,0.233540,2.132797,1.581360,102.8452,2.5845,8.9797,0.2677
107,0.340331,0.232165,2.163326,1.576851,103.0167,2.5190,8.8284,0.3112
108,0.340028,0.233491,2.130742,1.581423,102.9480,2.5930,8.9371,0.2602
109,0.340201,0.232042,2.163188,1.576238,103.0862,2.5536,9.0008,0.2979
110,0.339925,0.232120,2.156101,1.576574,103.0273,2.5719,8.7902,0.2614
111,0.340134,0.231678,2.169115,1.575278,103.2435,2.6281,9.0149,0.2696
112,0.340656,0.234136,2.130414,1.580388,103.2306,2.5775,9.0445,0.2477
113,0.339948,0.232524,2.148491,1.576897,103.3761,2.6802,9.2045,0.2528
114,0.341228,0.233638,2.151807,1.576487,103.2381,2.6223,9.0097,0.2481
115,0.340378,0.231588,2.175798,1.573418,103.3441,2.5926,9.0534,0.2634
116,0.340284,0.233553,2.134624,1.577740,103.2261,2.6234,8.9359,0.2692
117,0.341063,0.234811,2.125045,1.579808,102.8943,2.6267,9.0146,0.2502
118,0.340783,0.233747,2.140724,1.576420,103.2256,2.5962,9.0655,0.2705
119,0.339906,0.231121,2.175710,1.571482,103.4969,2.5653,8.8574,0.2562
120,0.340354,0.234088,2.125320,1.578067,102.8751,2.5533,9.1612,0.2892
121,0.339972,0.233097,2.137488,1.574373,102.8562,2.5591,8.9842,0.2550
122,0.339990,0.233014,2.139522,1.574518,102.9327,2.6176,8.8905,0.2705
123,0.340461,0.233331,2.142613,1.574296,102.9872,2.5329,9.1114,0.2693
124,0.339108,0.230269,2.176780,1.568211,102.8791,2.6446,9.0512,0.2592
125,0.339810,0.231982,2.156563,1.572044,103.3257,2.6290,8.9011,0.2781
126,0.340482,0.233025,2.149140,1.573041,102.7739,2.6468,9.2102,0.2544
127,0.340399,0.232671,2.154576,1.570790,103.1335,2.6442,9.1797,0.2776
128,0.339655,0.228251,2.228082,1.560447,103.3970,2.5836,9.0377,0.2650
129,0.339595,0.231929,2.153320,1.570143,102.7440,2.5008,8.8237,0.3157
130,0.338742,0.230664,2.161564,1.569858,102.9250,2.5695,8.9703,0.2677
131,0.339574,0.232347,2.144535,1.571072,102.6773,2.6347,9.0794,0.2842
132,0.339866,0.231549,2.166333,1.567783,102.9274,2.6247,9.1267,0.2514
133,0.340038,0.232311,2.154526,1.568782,102.8094,2.5929,9.1514,0.2885
134,0.338990,0.229074,2.198310,1.563248,103.4811,2.5783,8.9989,0.2564
135,0.339381,0.232026,2.147100,1.569937,102.8417,2.5289,9.0045,0.3043
136,0.338902,0.231230,2.153447,1.567742,102.6910,2.5372,8.8290,0.2700
137,0.339236,0.231826,2.148203,1.568994,102.6104,2.5562,9.1689,0.3026
138,0.338282,0.229007,2.185512,1.562382,102.9669,2.5727,8.9943,0.2657
139,0.339139,0.231221,2.158351,1.566842,102.6875,2.6225,8.8968,0.2899
140,0.339625,0.231522,2.162063,1.566597,102.7728,2.6393,9.2184,0.2659
141,0.339609,0.231053,2.171138,1.563925,102.6372,2.5727,9.1394,0.2890
142,0.338834,0.229323,2.190223,1.559317,102.5933,2.5441,8.9955,0.2705
143,0.338073,0.228391,2.193651,1.560058,102.8645,2.5250,8.8485,0.3114
144,0.338096,0.229427,2.173381,1.564137,102.8377,2.5728,8.9806,0.2690
145,0.338898,0.230997,2.158026,1.565292,102.5967,2.6415,9.1011,0.2902
146,0.339238,0.230499,2.174773,1.562569,102.7662,2.6007,8.8717,0.2648
147,0.339387,0.231491,2.157927,1.564911,102.6017,2.6322,9.2206,0.2625
148,0.339285,0.230878,2.168148,1.562090,102.6846,2.5520,9.1134,0.2814
149,0.337894,0.227142,2.215050,1.553685,102.6334,2.5538,9.0065,0.2698
150,0.338470,0.230104,2.167328,1.561697,102.9232,2.6176,8.9165,0.2632
151,0.339124,0.230680,2.168868,1.562418,102.8482,2.5130,9.1385,0.3199
152,0.337688,0.228344,2.186881,1.557755,102.3800,2.5488,8.9728,0.2953
153,0.338267,0.229962,2.166092,1.561369,102.6181,2.6423,9.1623,0.2996
154,0.338859,0.229860,2.179965,1.559400,102.7077,2.5340,9.1210,0.2876
155,0.338017,0.229862,2.163097,1.560549,102.5958,2.5395,8.9579,0.2881
156,0.337366,0.227505,2.197233,1.556897,103.0559,2.5716,9.0614,0.2940
157,0.338132,0.229719,2.168258,1.560088,102.5083,2.6421,8.9360,0.2629
158,0.339002,0.230422,2.171602,1.560948,102.9421,2.6251,9.2477,0.2948
159,0.338859,0.230249,2.172197,1.558511,102.3455,2.6536,9.2219,0.2789
160,0.338788,0.228460,2.206561,1.552484,102.6527,2.5817,9.0426,0.3173
161,0.337796,0.227411,2.207697,1.553425,102.6790,2.5091,9.0670,0.2798
162,0.337850,0.230079,2.155416,1.559694,102.4873,2.5362,9.1484,0.2890
163,0.337552,0.228839,2.174267,1.556877,102.6605,2.5464,9.0058,0.3045
164,0.337775,0.229110,2.173300,1.557514,102.3423,2.5514,9.0667,0.2900
165,0.337690,0.229119,2.171439,1.557356,102.6480,2.6279,8.9263,0.3050
166,0.338318,0.229524,2.175871,1.557839,102.9133,2.6460,9.2643,0.2734
167,0.338601,0.230083,2.170349,1.557087,102.6208,2.6456,9.2178,0.2847
168,0.338174,0.227638,2.210715,1.549506,102.5451,2.4996,8.9822,0.3310
169,0.336798,0.226759,2.200782,1.551730,102.4885,2.5435,9.1127,0.3098
170,0.337504,0.229358,2.162917,1.556456,102.3678,2.5366,9.1446,0.2971
171,0.336729,0.226336,2.207856,1.550972,102.8815,2.5617,9.0253,0.3109
172,0.336920,0.226951,2.199380,1.552529,102.5116,2.5682,9.0718,0.2986
173,0.337526,0.228716,2.176206,1.555313,102.4874,2.6344,8.9638,0.3207
174,0.338092,0.228949,2.182859,1.555252,102.7373,2.6510,9.3002,0.2876
175,0.338364,0.229506,2.177170,1.554474,102.4186,2.6507,9.2456,0.2832
176,0.338214,0.227824,2.207816,1.548398,102.5162,2.5793,9.0634,0.3305
177,0.337043,0.226494,2.210986,1.549371,103.0648,2.5002,9.1024,0.3212
178,0.336525,0.227236,2.185784,1.551720,102.4788,2.5448,9.1921,0.3099
179,0.337215,0.228822,2.167858,1.553950,102.3629,2.6343,9.0799,0.2812
180,0.337741,0.228203,2.190762,1.552193,102.6705,2.5229,9.0807,0.3301
181,0.336923,0.228241,2.173636,1.553334,102.6104,2.5566,9.1489,0.3144
182,0.337148,0.228526,2.172435,1.553169,102.1636,2.5895,9.2387,0.2949
183,0.336790,0.226569,2.204425,1.548427,102.6210,2.5201,9.0248,0.3364
184,0.336424,0.226806,2.192362,1.550975,102.7419,2.5609,9.1226,0.3161
185,0.336530,0.226342,2.203761,1.549242,102.5029,2.6169,9.1461,0.2987
186,0.337001,0.226284,2.214326,1.545366,102.4956,2.6721,9.3358,0.2930
187,0.337834,0.228807,2.180533,1.551537,102.9484,2.6127,9.0698,0.2974
188,0.337605,0.227719,2.197724,1.550190,102.7117,2.5618,9.1747,0.2806
189,0.336911,0.228277,2.172685,1.551903,102.5756,2.5832,9.2139,0.2687
190,0.337299,0.228960,2.166773,1.551858,102.5984,2.6096,9.2909,0.2840
191,0.337495,0.228801,2.173874,1.550804,102.2850,2.5935,9.3230,0.2802
192,0.337662,0.229567,2.161891,1.552431,102.3928,2.6274,9.2965,0.3220
193,0.337280,0.226871,2.208189,1.543852,102.4008,2.4859,9.0424,0.3245
194,0.336058,0.226299,2.195189,1.547085,102.3403,2.5271,9.1707,0.3147
195,0.336107,0.226637,2.189399,1.547771,102.4154,2.5377,9.2280,0.3086
196,0.336290,0.226655,2.192698,1.548162,102.5038,2.5463,9.0558,0.3332
197,0.336642,0.228108,2.170677,1.551189,102.4725,2.5579,9.1769,0.3260
198,0.336780,0.227751,2.180593,1.549700,102.3717,2.6277,9.3150,0.2761
199,0.337226,0.228246,2.179589,1.549230,102.5424,2.6173,9.1241,0.2699
200,0.337180,0.228311,2.177368,1.549994,102.7032,2.6193,9.2145,0.2930
201,0.336964,0.228259,2.174097,1.549507,102.8188,2.5122,9.1626,0.3186
202,0.336050,0.226119,2.198618,1.546309,102.3877,2.6049,9.2012,0.3008
203,0.336416,0.225736,2.213601,1.541351,102.2822,2.5512,9.2942,0.3275
204,0.335972,0.226317,2.193104,1.545672,102.7561,2.5459,9.0628,0.3035
205,0.335893,0.226043,2.197000,1.546075,102.6765,2.6623,9.2549,0.2804
206,0.337363,0.228651,2.174254,1.549199,102.5373,2.6023,9.2472,0.2905
207,0.336962,0.227915,2.180928,1.547593,102.3921,2.6238,9.3619,0.3139
208,0.337167,0.228566,2.172031,1.548748,102.5516,2.5603,9.2571,0.3190
209,0.335824,0.224556,2.225365,1.538774,102.4102,2.5416,9.0962,0.2803
210,0.336343,0.227593,2.174999,1.547212,102.2956,2.6381,9.2707,0.2874
211,0.336864,0.227503,2.187212,1.545939,102.4418,2.5194,9.2445,0.3472
212,0.335623,0.225780,2.196875,1.544413,102.5948,2.5522,9.0889,0.3185
213,0.335769,0.225726,2.200847,1.544496,102.5053,2.5726,9.1739,0.2790
214,0.336409,0.227925,2.169691,1.548015,102.2113,2.5685,9.2141,0.3178
215,0.335975,0.225904,2.201436,1.542903,102.2706,2.5495,9.2762,0.3118
216,0.336239,0.227934,2.166099,1.547889,102.2200,2.5722,9.1343,0.3253
217,0.336016,0.226174,2.196847,1.544083,102.5470,2.5309,9.1913,0.3393
218,0.336030,0.227783,2.164940,1.547863,102.4641,2.5821,9.2869,0.3090
219,0.335994,0.225828,2.203322,1.542144,102.1780,2.5322,9.3219,0.3188
220,0.335910,0.226414,2.189907,1.544951,102.2673,2.6069,9.3640,0.3384
221,0.335692,0.224047,2.232887,1.536505,102.5231,2.5494,9.1833,0.3184
222,0.335476,0.225599,2.197543,1.542909,102.7598,2.5525,9.0285,0.3189
223,0.335763,0.225241,2.210433,1.542592,102.2966,2.5845,9.1460,0.3049
224,0.335907,0.226756,2.183013,1.545011,102.3606,2.5628,8.9315,0.3054
225,0.336244,0.226671,2.191471,1.544545,102.3763,2.6499,9.3517,0.3004
226,0.336690,0.227695,2.179899,1.544375,102.5862,2.6261,9.4123,0.3029
227,0.337170,0.227769,2.188027,1.544931,102.4400,2.6089,9.3681,0.2865
228,0.336154,0.225769,2.207691,1.538581,102.3784,2.5476,9.1710,0.2849
229,0.335996,0.227426,2.171410,1.545084,102.3382,2.5713,9.2787,0.3134
230,0.335716,0.226326,2.187809,1.542142,102.6107,2.6144,9.3598,0.3032
231,0.336697,0.227366,2.186622,1.543766,102.3424,2.5496,9.3965,0.2902
232,0.336280,0.228433,2.156940,1.547036,102.1909,2.6170,9.3870,0.2834
233,0.335898,0.224689,2.224188,1.535002,102.4192,2.5844,9.2287,0.3109
234,0.336289,0.227862,2.168534,1.544297,102.3247,2.4963,9.2266,0.3159
235,0.335241,0.225684,2.191146,1.541216,102.3173,2.5383,9.2902,0.2759
236,0.335236,0.225768,2.189362,1.541419,102.3923,2.5326,9.1020,0.3150
237,0.335426,0.225157,2.205377,1.541124,102.3145,2.5650,9.2362,0.3418
238,0.335265,0.225271,2.199880,1.540973,102.5232,2.5642,9.2643,0.3208
239,0.335239,0.225261,2.199557,1.540929,102.7400,2.5819,9.3612,0.3201
240,0.335666,0.225333,2.206677,1.540831,102.2589,2.6368,9.3837,0.3114
241,0.336198,0.225465,2.214670,1.536422,101.9190,2.6944,9.2893,0.2731
242,0.337372,0.228781,2.171838,1.544682,102.2880,2.5532,9.2664,0.3289
243,0.335384,0.225469,2.198304,1.538888,102.4022,2.5165,9.2913,0.3463
244,0.335579,0.227309,2.165400,1.543697,102.2835,2.5850,9.4174,0.3149
245,0.336002,0.225919,2.201671,1.539961,102.4118,2.6097,9.4128,0.2936
246,0.335885,0.225582,2.206070,1.536170,102.1262,2.5383,9.2041,0.2941
247,0.335526,0.226816,2.174214,1.542388,102.3912,2.5477,9.2823,0.2942
248,0.335395,0.226095,2.185995,1.539886,102.3487,2.5082,9.3160,0.3279
249,0.335027,0.225790,2.184754,1.540801,102.4342,2.5418,9.1608,0.3229
250,0.335649,0.227356,2.165862,1.544487,102.5195,2.5927,9.2955,0.2979
251,0.335648,0.225514,2.202681,1.538954,102.2851,2.5446,9.2729,0.2541
252,0.335658,0.227890,2.155372,1.544479,102.3809,2.6705,9.4412,0.2687
253,0.336250,0.226993,2.185127,1.541199,102.6962,2.5406,9.4330,0.3215
254,0.335012,0.225417,2.191898,1.539715,102.5304,2.5555,9.2452,0.3030
255,0.335011,0.225611,2.187995,1.540114,102.4887,2.6643,9.3451,0.2470
256,0.336245,0.227517,2.174566,1.541769,102.3689,2.6430,9.3969,0.2893
257,0.336105,0.226731,2.187482,1.539868,102.3065,2.5535,9.4152,0.3054
258,0.335546,0.227251,2.165907,1.542421,102.0684,2.5739,9.2543,0.3264
259,0.335225,0.225690,2.190688,1.538897,102.4136,2.5864,9.4747,0.3210
260,0.334953,0.223864,2.221792,1.532101,102.3474,2.5396,9.2728,0.3269
261,0.335314,0.226845,2.169399,1.541259,102.4936,2.6006,9.4099,0.3005
262,0.336123,0.226789,2.186682,1.539604,102.2739,2.5593,9.1999,0.2864
263,0.335562,0.227171,2.167813,1.542273,102.2063,2.5777,9.2805,0.2832
264,0.335211,0.225692,2.190370,1.538485,102.3948,2.5154,9.2818,0.3372
265,0.334786,0.225768,2.180369,1.539974,102.3631,2.5526,9.3664,0.3107
266,0.334817,0.225420,2.187930,1.538853,102.3114,2.6254,9.4078,0.2740
267,0.335478,0.225609,2.197384,1.534361,102.0551,2.6596,9.2527,0.2955
268,0.335934,0.226331,2.192066,1.538339,102.3153,2.6275,9.0731,0.2836
269,0.336228,0.227423,2.176106,1.541463,102.3189,2.5587,9.3429,0.2977
270,0.335259,0.226639,2.172406,1.539188,102.2445,2.5834,9.4450,0.3185
271,0.335107,0.225721,2.187723,1.537260,102.3412,2.6096,9.2691,0.3181
272,0.336073,0.226279,2.195895,1.538335,102.1379,2.5696,9.3245,0.3016
273,0.335420,0.226890,2.170591,1.540300,102.1169,2.5851,9.3261,0.2444
274,0.335777,0.227789,2.159777,1.540619,102.3110,2.6241,9.4285,0.2842
275,0.335655,0.226547,2.182157,1.537709,102.3664,2.5331,9.4494,0.3321
276,0.334635,0.225102,2.190654,1.537077,102.3581,2.5432,9.2557,0.3151
277,0.335157,0.226967,2.163802,1.540817,101.9997,2.5903,9.4762,0.2949
278,0.334996,0.223683,2.226268,1.528656,102.2912,2.5662,9.2825,0.2681
279,0.335042,0.226188,2.177071,1.537167,101.9534,2.5777,9.3604,0.3141
280,0.335559,0.226826,2.174669,1.538956,101.9531,2.6691,9.4013,0.3021
281,0.335856,0.225107,2.214988,1.529797,102.1589,2.6184,9.2225,0.2791
282,0.335621,0.226090,2.190637,1.536295,102.4923,2.5320,9.2822,0.3282
283,0.335045,0.226730,2.166317,1.539143,102.1498,2.5683,9.3196,0.3337
284,0.335278,0.226353,2.178496,1.537148,102.3687,2.5336,9.3509,0.3170
285,0.334795,0.226439,2.167102,1.538609,102.3914,2.5444,9.4081,0.3331
286,0.335178,0.226722,2.169127,1.537879,102.2432,2.6052,9.4509,0.3062
287,0.334601,0.223497,2.222083,1.528517,102.6145,2.5981,9.4256,0.3117
288,0.334726,0.222789,2.238750,1.526156,102.0175,2.5193,9.2130,0.3177
289,0.334966,0.226068,2.177960,1.537787,102.0379,2.5223,9.0245,0.3105
290,0.335314,0.225990,2.186490,1.537790,102.2234,2.6112,9.4142,0.2868
291,0.335538,0.226445,2.181876,1.536032,102.2061,2.5393,9.4331,0.3340
292,0.334602,0.224945,2.193141,1.534694,102.3796,2.6254,9.4496,0.3315
293,0.335134,0.224683,2.209026,1.529191,102.0542,2.5771,9.2736,0.3189
294,0.335019,0.224296,2.214467,1.532556,102.3009,2.5419,9.1048,0.3046
295,0.335605,0.227261,2.166879,1.540895,102.2472,2.6203,9.4739,0.2674
296,0.335496,0.226403,2.181847,1.535253,102.2262,2.5397,9.4599,0.2909
297,0.334428,0.224466,2.199242,1.533635,102.2894,2.5400,9.2737,0.3276
298,0.334902,0.226250,2.173041,1.538149,102.1936,2.5496,9.3200,0.3215
299,0.334833,0.225571,2.185227,1.535675,102.4572,2.5974,9.3896,0.3185
300,0.335011,0.224517,2.209873,1.532998,102.2845,2.5742,9.4672,0.3012
301,0.335140,0.226437,2.174044,1.537827,102.3006,2.6294,9.3290,0.2679
302,0.335534,0.226660,2.177473,1.537120,102.2511,2.5482,9.3359,0.2906
303,0.334827,0.226263,2.171272,1.537261,102.2779,2.6247,9.6104,0.2875
304,0.334950,0.223915,2.220710,1.526593,102.1099,2.5858,9.4055,0.3053
305,0.334665,0.225210,2.189095,1.533347,102.4529,2.5236,9.4150,0.3325
306,0.334784,0.226301,2.169646,1.536784,102.2680,2.5943,9.5324,0.2920
307,0.334781,0.225377,2.188089,1.534157,102.4455,2.5175,9.2737,0.3228
308,0.334745,0.226505,2.164812,1.538193,102.3396,2.6593,9.3658,0.2946
309,0.334754,0.222594,2.243201,1.524034,102.0671,2.5009,9.0393,0.2615
310,0.334736,0.225744,2.179843,1.537298,102.2669,2.5589,9.4158,0.3072
311,0.334665,0.225642,2.180475,1.534762,102.1615,2.5782,9.4913,0.2951
312,0.334720,0.224946,2.195478,1.532765,102.0711,2.5210,9.2583,0.3380
313,0.334261,0.224543,2.194355,1.534179,102.2222,2.6267,9.3037,0.3105
314,0.334276,0.222143,2.242650,1.524911,102.5169,2.5528,9.3297,0.3190
315,0.334889,0.226300,2.171776,1.536932,102.4534,2.6291,9.4546,0.2974
316,0.335017,0.224084,2.218658,1.530731,102.4953,2.5838,9.5164,0.2860
317,0.334816,0.225819,2.179944,1.535581,102.0611,2.5583,9.2869,0.3040
318,0.334682,0.224713,2.199382,1.532781,102.2349,2.5355,9.3465,0.3094
319,0.334286,0.224360,2.198522,1.533215,102.2859,2.5645,9.4115,0.3275
320,0.334238,0.224477,2.195220,1.533361,102.3947,2.5878,9.4898,0.3083
321,0.334339,0.224372,2.199341,1.533144,102.0954,2.5878,9.2835,0.2801
322,0.334687,0.225689,2.179955,1.535127,101.8973,2.6808,9.3551,0.3220
323,0.334553,0.223144,2.228191,1.524850,102.0098,2.6125,9.1020,0.2543
324,0.335755,0.227135,2.172410,1.536902,102.0424,2.6557,9.4627,0.2935
325,0.335268,0.225268,2.199997,1.530481,102.0206,2.5863,9.4899,0.3073
326,0.334750,0.225645,2.182093,1.533569,102.0100,2.6130,9.3032,0.2857
327,0.335141,0.225911,2.184588,1.533643,102.1710,2.5631,9.3470,0.3286
328,0.334544,0.225684,2.177212,1.534537,102.2248,2.6336,9.6101,0.3207
329,0.334746,0.223417,2.226564,1.523958,102.2286,2.5939,9.4030,0.3255
330,0.334915,0.225531,2.187681,1.531774,102.3407,2.5778,9.4729,0.3240
331,0.334440,0.225453,2.179741,1.532808,102.1831,2.5303,9.5036,0.3358
332,0.334477,0.226084,2.167850,1.535005,102.2328,2.5838,9.3394,0.3036
333,0.334444,0.224890,2.191082,1.532181,102.3713,2.5313,9.3614,0.3301
334,0.334576,0.226260,2.166324,1.535972,102.2799,2.6766,9.7010,0.3044
335,0.334596,0.221929,2.253351,1.520871,102.1704,2.4818,9.2125,0.2954
336,0.333434,0.222109,2.226508,1.522259,101.5815,2.4075,9.2483,0.3356
337,0.332999,0.223535,2.189285,1.527671,101.4461,2.4451,9.2749,0.3229
338,0.333283,0.224234,2.180975,1.529365,101.5347,2.4158,9.2711,0.3330
339,0.332925,0.223362,2.191245,1.528151,101.5383,2.4533,9.3433,0.3430
340,0.332847,0.222991,2.197112,1.527582,101.7649,2.4967,9.4327,0.3502
341,0.333317,0.223378,2.198781,1.528245,102.0522,2.5037,9.4116,0.3270
342,0.333348,0.222280,2.221377,1.523142,101.7988,2.4344,9.2820,0.3422
343,0.332880,0.223011,2.197390,1.527514,101.7511,2.4706,9.3604,0.3304
344,0.333165,0.223949,2.184300,1.529334,101.7832,2.4424,9.3683,0.3419
345,0.332855,0.223333,2.190429,1.528356,101.7117,2.4996,9.4557,0.3253
346,0.333232,0.223484,2.194967,1.528475,102.0470,2.4519,9.4320,0.3010
347,0.332906,0.223423,2.189655,1.528950,101.8561,2.4695,9.3645,0.3395
348,0.333200,0.224066,2.182679,1.530059,101.7712,2.4802,9.4559,0.3086
349,0.332750,0.220663,2.241746,1.519893,101.8214,2.5265,9.4332,0.3257
350,0.333266,0.222885,2.207628,1.526341,102.0917,2.4563,9.3901,0.3036
351,0.333080,0.223774,2.186128,1.529079,101.8119,2.5390,9.4440,0.3345
352,0.333416,0.221575,2.236812,1.520948,101.9199,2.4424,9.2693,0.3115
353,0.332956,0.223265,2.193814,1.527805,101.6497,2.4837,9.3858,0.3428
354,0.333219,0.223493,2.194527,1.528258,101.8114,2.4412,9.3349,0.3142
355,0.332918,0.223599,2.186365,1.528812,101.6324,2.4911,9.4277,0.3457
356,0.333202,0.223373,2.196581,1.528025,101.7919,2.4499,9.4075,0.3158
357,0.332831,0.223222,2.192180,1.528330,101.6679,2.4774,9.3455,0.3324
358,0.332957,0.223123,2.196669,1.528230,101.9212,2.5011,9.3716,0.3039
359,0.332974,0.222933,2.200825,1.527734,102.0624,2.5125,9.5059,0.3104
360,0.332982,0.221347,2.232697,1.521510,101.6664,2.5227,9.3085,0.3433
361,0.333273,0.222867,2.208104,1.526994,101.9383,2.4589,9.3050,0.3159
362,0.332883,0.223184,2.193985,1.528297,101.6996,2.5009,9.3877,0.3520
363,0.333228,0.223198,2.200608,1.527694,101.7975,2.4515,9.3470,0.3220
364,0.332931,0.223456,2.189504,1.528588,101.6722,2.4964,9.4129,0.3132
365,0.332946,0.222742,2.204069,1.526879,101.7484,2.5120,9.3486,0.3304
366,0.333290,0.223549,2.194838,1.528853,101.9734,2.4943,9.4301,0.3247
367,0.333061,0.221613,2.228960,1.521363,101.4387,2.4930,9.3597,0.3415
368,0.332859,0.222250,2.212181,1.524838,101.8524,2.4638,9.3634,0.3224
369,0.332638,0.222632,2.200109,1.527103,101.7185,2.4848,9.2822,0.3189
370,0.333048,0.223612,2.188715,1.529344,101.5035,2.5018,9.3498,0.3410
371,0.333194,0.223386,2.196155,1.528295,101.8201,2.4933,9.4376,0.3320
372,0.332897,0.220998,2.237977,1.520246,101.6147,2.4844,9.3676,0.3517
373,0.332795,0.222261,2.210687,1.525049,101.8546,2.5135,9.4246,0.3192
374,0.333121,0.222672,2.208994,1.526220,101.8880,2.5161,9.3939,0.3297
375,0.333027,0.221565,2.229248,1.521451,101.6861,2.4671,9.2803,0.3385
376,0.332764,0.222486,2.205550,1.526024,101.6653,2.4956,9.2290,0.3325
377,0.333280,0.223757,2.190446,1.529680,101.9603,2.4643,9.3758,0.3709
378,0.332743,0.222471,2.205431,1.526208,101.9245,2.4738,9.4422,0.3717
379,0.332914,0.223469,2.188889,1.528769,101.8584,2.5018,9.3625,0.3277
380,0.333127,0.223237,2.197801,1.527953,101.9418,2.4622,9.3690,0.3447
381,0.332836,0.223091,2.194893,1.527932,101.7649,2.5118,9.4292,0.3319
382,0.333141,0.223382,2.195187,1.527990,101.9150,2.4664,9.4283,0.3480
383,0.333053,0.223435,2.192359,1.528259,101.7041,2.5610,9.4852,0.3317
384,0.333188,0.221239,2.238975,1.520279,101.8442,2.4502,9.3471,0.3541
385,0.332731,0.222842,2.197767,1.526887,101.7005,2.4853,9.3934,0.3433
386,0.332839,0.222863,2.199510,1.526920,101.8254,2.4759,9.4248,0.3460
387,0.332830,0.223425,2.188107,1.528476,101.6433,2.4862,9.4722,0.3462
388,0.332851,0.222807,2.200868,1.526868,101.7072,2.5132,9.4003,0.3372
389,0.333221,0.223530,2.193824,1.528494,101.9728,2.5047,9.4802,0.3084
390,0.332684,0.220335,2.246971,1.518801,101.8660,2.4969,9.4168,0.3464
391,0.332459,0.222106,2.207049,1.525508,101.8707,2.4362,9.2905,0.3448
392,0.332275,0.222678,2.191923,1.527186,101.5799,2.4161,9.3000,0.3576
393,0.332046,0.222209,2.196742,1.526203,101.6580,2.4394,9.3382,0.3662
394,0.332192,0.222242,2.198985,1.525802,101.6800,2.4284,9.3429,0.3541
395,0.332018,0.221880,2.202761,1.525286,101.6978,2.4498,9.3884,0.3511
396,0.332329,0.222406,2.198461,1.526131,101.6639,2.4501,9.3745,0.3606
397,0.332111,0.220579,2.230628,1.520793,101.6252,2.4552,9.3477,0.3591
398,0.332219,0.221723,2.209934,1.523928,101.5593,2.4265,9.3455,0.3570
399,0.331998,0.221908,2.201798,1.524946,101.6264,2.4412,9.3715,0.3433
400,0.332201,0.222418,2.195669,1.525865,101.5421,2.4144,9.3634,0.3567
401,0.332100,0.222336,2.195287,1.526020,101.6085,2.4592,9.3966,0.3635
402,0.332249,0.220891,2.227148,1.521011,101.6776,2.4315,9.3329,0.3532
403,0.332022,0.221519,2.210052,1.523696,101.6395,2.4414,9.3733,0.3511
404,0.332148,0.222228,2.198390,1.525286,101.6028,2.4210,9.3753,0.3606
405,0.331986,0.221946,2.200792,1.525129,101.5675,2.4429,9.4192,0.3571
406,0.332284,0.222368,2.198313,1.525676,101.5508,2.4445,9.4052,0.3658
407,0.332074,0.220770,2.226093,1.520798,101.5179,2.4551,9.3812,0.3627
408,0.332164,0.221625,2.210773,1.523521,101.6173,2.4206,9.3650,0.3506
409,0.332001,0.222043,2.199168,1.525043,101.4883,2.4325,9.3912,0.3512
410,0.332055,0.221892,2.203275,1.524789,101.6190,2.4649,9.4047,0.3505
411,0.332237,0.220932,2.226104,1.521026,101.6616,2.4277,9.3445,0.3749
412,0.331995,0.221412,2.211656,1.523455,101.6094,2.4438,9.3838,0.3505
413,0.332135,0.222192,2.198855,1.525193,101.6210,2.4220,9.3843,0.3603
414,0.331967,0.221934,2.200676,1.525091,101.5759,2.4433,9.4273,0.3572
415,0.332120,0.221834,2.205734,1.524672,101.6212,2.4607,9.4293,0.3599
416,0.332211,0.220962,2.224986,1.521273,101.5103,2.4677,9.3643,0.3641
417,0.332049,0.219928,2.242428,1.518285,101.6333,2.4632,9.3982,0.3388
418,0.332187,0.221508,2.213570,1.522745,101.6185,2.4188,9.3784,0.3533
419,0.331950,0.221879,2.201415,1.524572,101.5344,2.4334,9.4114,0.3530
420,0.332050,0.221959,2.201816,1.524786,101.6490,2.4753,9.4409,0.3610
421,0.332261,0.220381,2.237599,1.519686,101.7836,2.4405,9.3724,0.3522
422,0.332036,0.221500,2.210718,1.523452,101.6274,2.4509,9.4109,0.3498
423,0.332168,0.221919,2.204984,1.524518,101.6621,2.4261,9.4079,0.3606
424,0.332006,0.221847,2.203196,1.524681,101.5830,2.4397,9.3647,0.3595
425,0.332036,0.221801,2.204707,1.524783,101.5924,2.4339,9.3838,0.3636
426,0.331982,0.222097,2.197691,1.525515,101.6082,2.4344,9.4092,0.3666
427,0.332093,0.222334,2.195175,1.525763,101.6097,2.4194,9.4010,0.3530
428,0.332026,0.222231,2.195898,1.525725,101.6597,2.4627,9.4310,0.3616
429,0.332219,0.220793,2.228521,1.520674,101.7037,2.4330,9.3650,0.3524
430,0.331980,0.221484,2.209918,1.523521,101.6471,2.4413,9.4027,0.3509
431,0.332015,0.221690,2.206492,1.524175,101.6533,2.4353,9.4186,0.3551
432,0.331891,0.221550,2.206836,1.524194,101.6047,2.4476,9.3870,0.3533
433,0.332047,0.222057,2.199798,1.525617,101.6242,2.4413,9.3932,0.3583
434,0.332154,0.222270,2.197666,1.525759,101.5511,2.4239,9.3946,0.3560
435,0.331947,0.221984,2.199270,1.525288,101.6183,2.4419,9.4222,0.3427
436,0.332147,0.222024,2.202453,1.525058,101.5973,2.4756,9.4345,0.3424
437,0.332143,0.220154,2.239791,1.519351,101.6702,2.4674,9.3929,0.3451
438,0.332048,0.220935,2.222270,1.522202,101.6508,2.4606,9.4150,0.3475
439,0.332028,0.221225,2.216067,1.523250,101.6256,2.4416,9.4173,0.3558
440,0.332091,0.222134,2.199143,1.525564,101.5959,2.4615,9.4289,0.3705
441,0.332154,0.220405,2.234973,1.520167,101.6798,2.4699,9.3201,0.3479
442,0.332216,0.221498,2.214356,1.523768,101.7153,2.4376,9.4039,0.3588
443,0.331940,0.221344,2.211931,1.523574,101.6358,2.4522,9.4453,0.3569
444,0.332031,0.221591,2.208805,1.524105,101.6029,2.4573,9.3935,0.3576
445,0.332154,0.221762,2.207835,1.524488,101.6265,2.4307,9.3937,0.3690
446,0.331945,0.221841,2.202079,1.524809,101.5124,2.4559,9.4374,0.3651
447,0.332226,0.221954,2.205429,1.524731,101.6350,2.4525,9.4076,0.3514
448,0.332046,0.220443,2.232066,1.520113,101.5426,2.4486,9.3689,0.3544
449,0.331988,0.221261,2.214552,1.522971,101.6672,2.4558,9.4131,0.3641
450,0.332077,0.221593,2.209662,1.523925,101.7063,2.4352,9.4215,0.3738
451,0.332061,0.221807,2.205077,1.524621,101.6158,2.4629,9.4275,0.3539
452,0.332093,0.220630,2.229251,1.520469,101.5796,2.4463,9.3809,0.3594
453,0.331954,0.221034,2.218404,1.522494,101.6363,2.4506,9.4162,0.3585
454,0.331732,0.220819,2.218261,1.522813,101.7468,2.4332,9.4113,0.3661
455,0.331734,0.221358,2.207510,1.523947,101.5992,2.4182,9.3607,0.3613
456,0.331630,0.221384,2.204931,1.524286,101.5510,2.4224,9.3763,0.3632
457,0.331702,0.221522,2.203597,1.524265,101.4662,2.4069,9.3711,0.3716
458,0.331614,0.221546,2.201350,1.524441,101.4827,2.4282,9.3808,0.3660
459,0.331632,0.220343,2.225783,1.520845,101.5533,2.4341,9.3684,0.3661
460,0.331696,0.220807,2.217772,1.522027,101.5092,2.4164,9.3676,0.3727
461,0.331604,0.220912,2.213836,1.522551,101.4511,2.4224,9.3876,0.3722
462,0.331675,0.221297,2.207554,1.523317,101.4478,2.4089,9.3421,0.3723
463,0.331589,0.221348,2.204833,1.523893,101.5343,2.4193,9.3658,0.3700
464,0.331614,0.220998,2.212307,1.522986,101.4730,2.4253,9.3826,0.3649
465,0.331655,0.221368,2.205746,1.523736,101.5639,2.4132,9.3798,0.3663
466,0.331607,0.221347,2.205187,1.523890,101.5247,2.4331,9.3929,0.3656
467,0.331712,0.220603,2.222167,1.521160,101.5019,2.4191,9.3597,0.3722
468,0.331595,0.220773,2.216442,1.522002,101.4443,2.4234,9.3805,0.3718
469,0.331562,0.220778,2.215685,1.522181,101.4914,2.4288,9.3990,0.3711
470,0.331676,0.221180,2.209933,1.523097,101.4947,2.4265,9.3880,0.3706
471,0.331598,0.220333,2.225293,1.520655,101.5882,2.4331,9.3759,0.3691
472,0.331666,0.220780,2.217724,1.521866,101.5772,2.4181,9.3742,0.3646
473,0.331563,0.221009,2.211080,1.522699,101.5388,2.4245,9.3932,0.3642
474,0.331674,0.221358,2.206332,1.523459,101.5088,2.4094,9.3501,0.3713
475,0.331586,0.221373,2.204269,1.523827,101.4462,2.4183,9.3721,0.3706
476,0.331575,0.221075,2.209993,1.523142,101.5039,2.4254,9.3930,0.3702
477,0.331642,0.221319,2.206468,1.523526,101.4972,2.4147,9.3912,0.3698
478,0.331581,0.221275,2.206136,1.523533,101.4887,2.4318,9.3968,0.3637
479,0.331639,0.220383,2.225108,1.520572,101.4677,2.4341,9.3772,0.3655
480,0.331663,0.220776,2.217737,1.521802,101.5503,2.4164,9.3739,0.3675
481,0.331555,0.220976,2.211595,1.522584,101.4896,2.4237,9.3937,0.3670
482,0.331599,0.221044,2.211090,1.522738,101.4970,2.4191,9.3609,0.3701
483,0.331605,0.221345,2.205202,1.523721,101.4272,2.4164,9.3739,0.3729
484,0.331542,0.221076,2.209320,1.523191,101.4989,2.4239,9.3954,0.3725
485,0.331678,0.221386,2.205828,1.523684,101.4599,2.4233,9.3837,0.3721
486,0.331578,0.220456,2.222429,1.521006,101.5589,2.4312,9.3726,0.3703
487,0.331647,0.220849,2.215956,1.522059,101.5528,2.4169,9.3717,0.3657
488,0.331544,0.221048,2.209931,1.522803,101.5173,2.4239,9.3915,0.3652
489,0.331594,0.221092,2.210031,1.522986,101.5273,2.4312,9.3929,0.3678
490,0.331632,0.220478,2.223091,1.520784,101.4546,2.4259,9.3686,0.3712
491,0.331568,0.220555,2.220261,1.521402,101.4802,2.4283,9.3880,0.3711
492,0.331626,0.221044,2.211641,1.522528,101.4721,2.4148,9.3847,0.3706
493,0.331545,0.221187,2.207176,1.523287,101.5662,2.4218,9.3638,0.3693
494,0.331639,0.221421,2.204351,1.523849,101.5551,2.4122,9.3642,0.3645
495,0.331559,0.221314,2.204882,1.523717,101.5305,2.4207,9.3863,0.3642
496,0.331572,0.221200,2.207430,1.523368,101.5307,2.4197,9.3974,0.3669
497,0.331570,0.221185,2.207709,1.523394,101.4958,2.4388,9.4091,0.3658
498,0.331646,0.220443,2.224054,1.520808,101.4853,2.4347,9.3876,0.3689
499,0.331654,0.220731,2.218458,1.521747,101.4809,2.4187,9.3858,0.3688
500,0.331537,0.220938,2.211978,1.522544,101.4863,2.4239,9.3989,0.3627
